word,ipa,language_code,part_of_speech,lemma,image_url,card_count,pronunciation,definition,example_sentence,example_translation
student,ˈstuːdənt,en,Noun,student,images/nouns/student.png,3,STUDENT,"A person who is studying at a school, college, or university.",The student completed their homework on time.,El estudiante completó su tarea a tiempo.
the,ðə,en,Article,the,images/articles/the.png,5,THE,Used to refer to a specific thing previously mentioned or known.,The dog barked loudly at the stranger.,El perro ladró fuerte al extraño.
student,ˈstuːdənt,en,Noun,student,images/nouns/student.png,3,STUDENT,"A person who is studying at a school, college, or university.",The student completed their homework on time.,El estudiante completó su tarea a tiempo.
student,ˈstuːdənt,en,Noun,student,images/nouns/student.png,3,STUDENT,"A person who is studying at a school, college, or university.",The student completed their homework on time.,El estudiante completó su tarea a tiempo.
see,siː,en,Verb,see,images/verbs/see.png,3,SEE,To perceive with the eyes; to look at something.,Can you see the stars in the sky?,¿Puedes ver las estrellas en el cielo?
phone,foʊn,en,Noun,phone,images/nouns/phone.png,3,PHONE,Definition of phone,I need to charge my phone.,Necesito cargar mi teléfono.
green,griːn,en,Adjective,green,images/adjectives/green.png,2,GREEN,Definition of green,The leaves are green.,Las hojas son verdes.
cat,kæt,en,Noun,cat,images/nouns/cat.png,3,CAT,Definition of cat,The cat is sleeping on the sofa.,El gato está durmiendo en el sofá.
a,ə,en,Article,a,images/articles/a.png,5,A,Definition of a,A dog is barking outside.,Un perro está ladrando afuera.
phone,foʊn,en,Noun,phone,images/nouns/phone.png,3,PHONE,Definition of phone,I need to charge my phone.,Necesito cargar mi teléfono.
garden,ˈgɑːrdən,en,Noun,garden,images/nouns/garden.png,3,GARDEN,Definition of garden,I watered the flowers in the garden.,Regué las flores en el jardín.
small,smɔl,en,Adjective,small,images/adjectives/small.png,2,SMALL,Definition of small,She has a small dog.,Ella tiene un perro pequeño.
a,ə,en,Article,a,images/articles/a.png,5,A,Definition of a,A dog is barking outside.,Un perro está ladrando afuera.
student,ˈstuːdənt,en,Noun,student,images/nouns/student.png,3,STUDENT,"A person who is studying at a school, college, or university.",The student completed their homework on time.,El estudiante completó su tarea a tiempo.
the,ðə,en,Article,the,images/articles/the.png,5,THE,Used to refer to a specific thing previously mentioned or known.,The dog barked loudly at the stranger.,El perro ladró fuerte al extraño.
an,æn,en,Article,an,images/articles/an.png,5,AN,Definition of an,No example available.,No translation available.
a,ə,en,Article,a,images/articles/a.png,5,A,Definition of a,A dog is barking outside.,Un perro está ladrando afuera.
a,ə,en,Article,a,images/articles/a.png,5,A,Definition of a,A dog is barking outside.,Un perro está ladrando afuera.
dog,dɒg,en,Noun,dog,images/nouns/dog.png,3,DOG,Definition of dog,The dog is playing in the park.,El perro está jugando en el parque.
a,ə,en,Article,a,images/articles/a.png,5,A,Definition of a,A dog is barking outside.,Un perro está ladrando afuera.
garden,ˈgɑːrdən,en,Noun,garden,images/nouns/garden.png,3,GARDEN,Definition of garden,I watered the flowers in the garden.,Regué las flores en el jardín.
red,rɛd,en,Adjective,red,images/adjectives/red.png,2,RED,Definition of red,No example available.,No translation available.
happy,ˈhæpi,en,Adjective,happy,images/adjectives/happy.png,2,HAPPY,Definition of happy,I am happy to see you.,Estoy feliz de verte.
a,ə,en,Article,a,images/articles/a.png,5,A,Definition of a,A dog is barking outside.,Un perro está ladrando afuera.
reads,riːdz,en,Verb,read,images/verbs/reads.png,3,READS,Definition of reads,She reads a book every night.,Ella lee un libro todas las noches.
the,ðə,en,Article,the,images/articles/the.png,5,THE,Used to refer to a specific thing previously mentioned or known.,The dog barked loudly at the stranger.,El perro ladró fuerte al extraño.
think,θɪŋk,en,Verb,think,images/verbs/think.png,3,THINK,Definition of think,No example available.,No translation available.
bright,braɪt,en,Adjective,bright,images/adjectives/bright.png,2,BRIGHT,Definition of bright,No example available.,No translation available.
teacher,ˈtiːʧər,en,Noun,teacher,images/nouns/teacher.png,3,TEACHER,Definition of teacher,The teacher explains the lesson.,El maestro explica la lección.
blue,bluː,en,Adjective,blue,images/adjectives/blue.png,2,BLUE,Definition of blue,No example available.,No translation available.
doctor,ˈdɒktər,en,Noun,doctor,images/nouns/doctor.png,3,DOCTOR,Definition of doctor,The doctor checked the patient's health.,El doctor revisó la salud del paciente.
cat,kæt,en,Noun,cat,images/nouns/cat.png,3,CAT,Definition of cat,The cat is sleeping on the sofa.,El gato está durmiendo en el sofá.
phone,foʊn,en,Noun,phone,images/nouns/phone.png,3,PHONE,Definition of phone,I need to charge my phone.,Necesito cargar mi teléfono.
cat,kæt,en,Noun,cat,images/nouns/cat.png,3,CAT,Definition of cat,The cat is sleeping on the sofa.,El gato está durmiendo en el sofá.
food,fuːd,en,Noun,food,images/nouns/food.png,3,FOOD,Definition of food,We ordered delicious food.,Pedimos comida deliciosa.
write,raɪt,en,Verb,write,images/verbs/write.png,3,WRITE,Definition of write,She writes a letter to her friend.,Ella escribe una carta a su amiga.
doctor,ˈdɒktər,en,Noun,doctor,images/nouns/doctor.png,3,DOCTOR,Definition of doctor,The doctor checked the patient's health.,El doctor revisó la salud del paciente.
the,ðə,en,Article,the,images/articles/the.png,5,THE,Used to refer to a specific thing previously mentioned or known.,The dog barked loudly at the stranger.,El perro ladró fuerte al extraño.
garden,ˈgɑːrdən,en,Noun,garden,images/nouns/garden.png,3,GARDEN,Definition of garden,I watered the flowers in the garden.,Regué las flores en el jardín.
the,ðə,en,Article,the,images/articles/the.png,5,THE,Used to refer to a specific thing previously mentioned or known.,The dog barked loudly at the stranger.,El perro ladró fuerte al extraño.
doctor,ˈdɒktər,en,Noun,doctor,images/nouns/doctor.png,3,DOCTOR,Definition of doctor,The doctor checked the patient's health.,El doctor revisó la salud del paciente.
an,æn,en,Article,an,images/articles/an.png,5,AN,Definition of an,No example available.,No translation available.
doctor,ˈdɒktər,en,Noun,doctor,images/nouns/doctor.png,3,DOCTOR,Definition of doctor,The doctor checked the patient's health.,El doctor revisó la salud del paciente.
food,fuːd,en,Noun,food,images/nouns/food.png,3,FOOD,Definition of food,We ordered delicious food.,Pedimos comida deliciosa.
teacher,ˈtiːʧər,en,Noun,teacher,images/nouns/teacher.png,3,TEACHER,Definition of teacher,The teacher explains the lesson.,El maestro explica la lección.
student,ˈstuːdənt,en,Noun,student,images/nouns/student.png,3,STUDENT,"A person who is studying at a school, college, or university.",The student completed their homework on time.,El estudiante completó su tarea a tiempo.
city,ˈsɪti,en,Noun,city,images/nouns/city.png,3,CITY,Definition of city,No example available.,No translation available.
phone,foʊn,en,Noun,phone,images/nouns/phone.png,3,PHONE,Definition of phone,I need to charge my phone.,Necesito cargar mi teléfono.
happy,ˈhæpi,en,Adjective,happy,images/adjectives/happy.png,2,HAPPY,Definition of happy,I am happy to see you.,Estoy feliz de verte.
a,ə,en,Article,a,images/articles/a.png,5,A,Definition of a,A dog is barking outside.,Un perro está ladrando afuera.
phone,foʊn,en,Noun,phone,images/nouns/phone.png,3,PHONE,Definition of phone,I need to charge my phone.,Necesito cargar mi teléfono.
walk,wɔːk,en,Verb,walk,images/verbs/walk.png,3,WALK,Definition of walk,They walk in the park every evening.,Ellos caminan en el parque todas las tardes.
big,bɪg,en,Adjective,big,images/adjectives/big.png,2,BIG,Definition of big,No example available.,No translation available.
the,ðə,en,Article,the,images/articles/the.png,5,THE,Used to refer to a specific thing previously mentioned or known.,The dog barked loudly at the stranger.,El perro ladró fuerte al extraño.
city,ˈsɪti,en,Noun,city,images/nouns/city.png,3,CITY,Definition of city,No example available.,No translation available.
a,ə,en,Article,a,images/articles/a.png,5,A,Definition of a,A dog is barking outside.,Un perro está ladrando afuera.
the,ðə,en,Article,the,images/articles/the.png,5,THE,Used to refer to a specific thing previously mentioned or known.,The dog barked loudly at the stranger.,El perro ladró fuerte al extraño.
dog,dɒg,en,Noun,dog,images/nouns/dog.png,3,DOG,Definition of dog,The dog is playing in the park.,El perro está jugando en el parque.
teacher,ˈtiːʧər,en,Noun,teacher,images/nouns/teacher.png,3,TEACHER,Definition of teacher,The teacher explains the lesson.,El maestro explica la lección.
read,rɛd,en,Verb,read,images/verbs/read.png,3,READ,Definition of read,No example available.,No translation available.
ran,ræn,en,Verb,run,images/verbs/ran.png,3,RAN,Definition of ran,No example available.,No translation available.
saw,sɔː,en,Verb,see,images/verbs/saw.png,3,SAW,Definition of saw,No example available.,No translation available.
a,ə,en,Article,a,images/articles/a.png,5,A,Definition of a,A dog is barking outside.,Un perro está ladrando afuera.
the,ðə,en,Article,the,images/articles/the.png,5,THE,Used to refer to a specific thing previously mentioned or known.,The dog barked loudly at the stranger.,El perro ladró fuerte al extraño.
big,bɪg,en,Adjective,big,images/adjectives/big.png,2,BIG,Definition of big,No example available.,No translation available.
cat,kæt,en,Noun,cat,images/nouns/cat.png,3,CAT,Definition of cat,The cat is sleeping on the sofa.,El gato está durmiendo en el sofá.
book,bʊk,en,Noun,book,images/nouns/book.png,3,BOOK,Definition of book,He borrowed a book from the library.,Él tomó prestado un libro de la biblioteca.
read,rɛd,en,Verb,read,images/verbs/read.png,3,READ,Definition of read,No example available.,No translation available.
doctor,ˈdɒktər,en,Noun,doctor,images/nouns/doctor.png,3,DOCTOR,Definition of doctor,The doctor checked the patient's health.,El doctor revisó la salud del paciente.
blue,bluː,en,Adjective,blue,images/adjectives/blue.png,2,BLUE,Definition of blue,No example available.,No translation available.
cat,kæt,en,Noun,cat,images/nouns/cat.png,3,CAT,Definition of cat,The cat is sleeping on the sofa.,El gato está durmiendo en el sofá.
doctor,ˈdɒktər,en,Noun,doctor,images/nouns/doctor.png,3,DOCTOR,Definition of doctor,The doctor checked the patient's health.,El doctor revisó la salud del paciente.
sees,siːz,en,Verb,see,images/verbs/sees.png,3,SEES,Definition of sees,No example available.,No translation available.
plays,pleɪz,en,Verb,play,images/verbs/plays.png,3,PLAYS,Definition of plays,No example available.,No translation available.
an,æn,en,Article,an,images/articles/an.png,5,AN,Definition of an,No example available.,No translation available.
an,æn,en,Article,an,images/articles/an.png,5,AN,Definition of an,No example available.,No translation available.
book,bʊk,en,Noun,book,images/nouns/book.png,3,BOOK,Definition of book,He borrowed a book from the library.,Él tomó prestado un libro de la biblioteca.
the,ðə,en,Article,the,images/articles/the.png,5,THE,Used to refer to a specific thing previously mentioned or known.,The dog barked loudly at the stranger.,El perro ladró fuerte al extraño.
food,fuːd,en,Noun,food,images/nouns/food.png,3,FOOD,Definition of food,We ordered delicious food.,Pedimos comida deliciosa.
city,ˈsɪti,en,Noun,city,images/nouns/city.png,3,CITY,Definition of city,No example available.,No translation available.
an,æn,en,Article,an,images/articles/an.png,5,AN,Definition of an,No example available.,No translation available.
city,ˈsɪti,en,Noun,city,images/nouns/city.png,3,CITY,Definition of city,No example available.,No translation available.
learn,lɜːrn,en,Verb,learn,images/verbs/learn.png,3,LEARN,Definition of learn,No example available.,No translation available.
student,ˈstuːdənt,en,Noun,student,images/nouns/student.png,3,STUDENT,"A person who is studying at a school, college, or university.",The student completed their homework on time.,El estudiante completó su tarea a tiempo.
cat,kæt,en,Noun,cat,images/nouns/cat.png,3,CAT,Definition of cat,The cat is sleeping on the sofa.,El gato está durmiendo en el sofá.
a,ə,en,Article,a,images/articles/a.png,5,A,Definition of a,A dog is barking outside.,Un perro está ladrando afuera.
an,æn,en,Article,an,images/articles/an.png,5,AN,Definition of an,No example available.,No translation available.
red,rɛd,en,Adjective,red,images/adjectives/red.png,2,RED,Definition of red,No example available.,No translation available.
garden,ˈgɑːrdən,en,Noun,garden,images/nouns/garden.png,3,GARDEN,Definition of garden,I watered the flowers in the garden.,Regué las flores en el jardín.
garden,ˈgɑːrdən,en,Noun,garden,images/nouns/garden.png,3,GARDEN,Definition of garden,I watered the flowers in the garden.,Regué las flores en el jardín.
food,fuːd,en,Noun,food,images/nouns/food.png,3,FOOD,Definition of food,We ordered delicious food.,Pedimos comida deliciosa.
phone,foʊn,en,Noun,phone,images/nouns/phone.png,3,PHONE,Definition of phone,I need to charge my phone.,Necesito cargar mi teléfono.
student,ˈstuːdənt,en,Noun,student,images/nouns/student.png,3,STUDENT,"A person who is studying at a school, college, or university.",The student completed their homework on time.,El estudiante completó su tarea a tiempo.
dark,dɑːrk,en,Adjective,dark,images/adjectives/dark.png,2,DARK,Definition of dark,No example available.,No translation available.
garden,ˈgɑːrdən,en,Noun,garden,images/nouns/garden.png,3,GARDEN,Definition of garden,I watered the flowers in the garden.,Regué las flores en el jardín.
the,ðə,en,Article,the,images/articles/the.png,5,THE,Used to refer to a specific thing previously mentioned or known.,The dog barked loudly at the stranger.,El perro ladró fuerte al extraño.
cat,kæt,en,Noun,cat,images/nouns/cat.png,3,CAT,Definition of cat,The cat is sleeping on the sofa.,El gato está durmiendo en el sofá.
garden,ˈgɑːrdən,en,Noun,garden,images/nouns/garden.png,3,GARDEN,Definition of garden,I watered the flowers in the garden.,Regué las flores en el jardín.
a,ə,en,Article,a,images/articles/a.png,5,A,Definition of a,A dog is barking outside.,Un perro está ladrando afuera.
the,ðə,en,Article,the,images/articles/the.png,5,THE,Used to refer to a specific thing previously mentioned or known.,The dog barked loudly at the stranger.,El perro ladró fuerte al extraño.
teacher,ˈtiːʧər,en,Noun,teacher,images/nouns/teacher.png,3,TEACHER,Definition of teacher,The teacher explains the lesson.,El maestro explica la lección.
an,æn,en,Article,an,images/articles/an.png,5,AN,Definition of an,No example available.,No translation available.
sleep,sliːp,en,Verb,sleep,images/verbs/sleep.png,3,SLEEP,Definition of sleep,No example available.,No translation available.
book,bʊk,en,Noun,book,images/nouns/book.png,3,BOOK,Definition of book,He borrowed a book from the library.,Él tomó prestado un libro de la biblioteca.
a,ə,en,Article,a,images/articles/a.png,5,A,Definition of a,A dog is barking outside.,Un perro está ladrando afuera.
an,æn,en,Article,an,images/articles/an.png,5,AN,Definition of an,No example available.,No translation available.
doctor,ˈdɒktər,en,Noun,doctor,images/nouns/doctor.png,3,DOCTOR,Definition of doctor,The doctor checked the patient's health.,El doctor revisó la salud del paciente.
a,ə,en,Article,a,images/articles/a.png,5,A,Definition of a,A dog is barking outside.,Un perro está ladrando afuera.
a,ə,en,Article,a,images/articles/a.png,5,A,Definition of a,A dog is barking outside.,Un perro está ladrando afuera.
the,ðə,en,Article,the,images/articles/the.png,5,THE,Used to refer to a specific thing previously mentioned or known.,The dog barked loudly at the stranger.,El perro ladró fuerte al extraño.
the,ðə,en,Article,the,images/articles/the.png,5,THE,Used to refer to a specific thing previously mentioned or known.,The dog barked loudly at the stranger.,El perro ladró fuerte al extraño.
small,smɔl,en,Adjective,small,images/adjectives/small.png,2,SMALL,Definition of small,She has a small dog.,Ella tiene un perro pequeño.
the,ðə,en,Article,the,images/articles/the.png,5,THE,Used to refer to a specific thing previously mentioned or known.,The dog barked loudly at the stranger.,El perro ladró fuerte al extraño.
a,ə,en,Article,a,images/articles/a.png,5,A,Definition of a,A dog is barking outside.,Un perro está ladrando afuera.
garden,ˈgɑːrdən,en,Noun,garden,images/nouns/garden.png,3,GARDEN,Definition of garden,I watered the flowers in the garden.,Regué las flores en el jardín.
a,ə,en,Article,a,images/articles/a.png,5,A,Definition of a,A dog is barking outside.,Un perro está ladrando afuera.
bright,braɪt,en,Adjective,bright,images/adjectives/bright.png,2,BRIGHT,Definition of bright,No example available.,No translation available.
blue,bluː,en,Adjective,blue,images/adjectives/blue.png,2,BLUE,Definition of blue,No example available.,No translation available.
student,ˈstuːdənt,en,Noun,student,images/nouns/student.png,3,STUDENT,"A person who is studying at a school, college, or university.",The student completed their homework on time.,El estudiante completó su tarea a tiempo.
an,æn,en,Article,an,images/articles/an.png,5,AN,Definition of an,No example available.,No translation available.
a,ə,en,Article,a,images/articles/a.png,5,A,Definition of a,A dog is barking outside.,Un perro está ladrando afuera.
teacher,ˈtiːʧər,en,Noun,teacher,images/nouns/teacher.png,3,TEACHER,Definition of teacher,The teacher explains the lesson.,El maestro explica la lección.
an,æn,en,Article,an,images/articles/an.png,5,AN,Definition of an,No example available.,No translation available.
city,ˈsɪti,en,Noun,city,images/nouns/city.png,3,CITY,Definition of city,No example available.,No translation available.
talks,tɔːks,en,Verb,talk,images/verbs/talks.png,3,TALKS,Definition of talks,No example available.,No translation available.
big,bɪg,en,Adjective,big,images/adjectives/big.png,2,BIG,Definition of big,No example available.,No translation available.
food,fuːd,en,Noun,food,images/nouns/food.png,3,FOOD,Definition of food,We ordered delicious food.,Pedimos comida deliciosa.
book,bʊk,en,Noun,book,images/nouns/book.png,3,BOOK,Definition of book,He borrowed a book from the library.,Él tomó prestado un libro de la biblioteca.
the,ðə,en,Article,the,images/articles/the.png,5,THE,Used to refer to a specific thing previously mentioned or known.,The dog barked loudly at the stranger.,El perro ladró fuerte al extraño.
red,rɛd,en,Adjective,red,images/adjectives/red.png,2,RED,Definition of red,No example available.,No translation available.
phone,foʊn,en,Noun,phone,images/nouns/phone.png,3,PHONE,Definition of phone,I need to charge my phone.,Necesito cargar mi teléfono.
city,ˈsɪti,en,Noun,city,images/nouns/city.png,3,CITY,Definition of city,No example available.,No translation available.
a,ə,en,Article,a,images/articles/a.png,5,A,Definition of a,A dog is barking outside.,Un perro está ladrando afuera.
phone,foʊn,en,Noun,phone,images/nouns/phone.png,3,PHONE,Definition of phone,I need to charge my phone.,Necesito cargar mi teléfono.
the,ðə,en,Article,the,images/articles/the.png,5,THE,Used to refer to a specific thing previously mentioned or known.,The dog barked loudly at the stranger.,El perro ladró fuerte al extraño.
dog,dɒg,en,Noun,dog,images/nouns/dog.png,3,DOG,Definition of dog,The dog is playing in the park.,El perro está jugando en el parque.
small,smɔl,en,Adjective,small,images/adjectives/small.png,2,SMALL,Definition of small,She has a small dog.,Ella tiene un perro pequeño.
blue,bluː,en,Adjective,blue,images/adjectives/blue.png,2,BLUE,Definition of blue,No example available.,No translation available.
dog,dɒg,en,Noun,dog,images/nouns/dog.png,3,DOG,Definition of dog,The dog is playing in the park.,El perro está jugando en el parque.
student,ˈstuːdənt,en,Noun,student,images/nouns/student.png,3,STUDENT,"A person who is studying at a school, college, or university.",The student completed their homework on time.,El estudiante completó su tarea a tiempo.
dog,dɒg,en,Noun,dog,images/nouns/dog.png,3,DOG,Definition of dog,The dog is playing in the park.,El perro está jugando en el parque.
talk,tɔːk,en,Verb,talk,images/verbs/talk.png,3,TALK,Definition of talk,No example available.,No translation available.
walked,wɔːkt,en,Verb,walk,images/verbs/walked.png,3,WALKED,Definition of walked,No example available.,No translation available.
ran,ræn,en,Verb,run,images/verbs/ran.png,3,RAN,Definition of ran,No example available.,No translation available.
the,ðə,en,Article,the,images/articles/the.png,5,THE,Used to refer to a specific thing previously mentioned or known.,The dog barked loudly at the stranger.,El perro ladró fuerte al extraño.
phone,foʊn,en,Noun,phone,images/nouns/phone.png,3,PHONE,Definition of phone,I need to charge my phone.,Necesito cargar mi teléfono.
an,æn,en,Article,an,images/articles/an.png,5,AN,Definition of an,No example available.,No translation available.
dog,dɒg,en,Noun,dog,images/nouns/dog.png,3,DOG,Definition of dog,The dog is playing in the park.,El perro está jugando en el parque.
phone,foʊn,en,Noun,phone,images/nouns/phone.png,3,PHONE,Definition of phone,I need to charge my phone.,Necesito cargar mi teléfono.
cat,kæt,en,Noun,cat,images/nouns/cat.png,3,CAT,Definition of cat,The cat is sleeping on the sofa.,El gato está durmiendo en el sofá.
walked,wɔːkt,en,Verb,walk,images/verbs/walked.png,3,WALKED,Definition of walked,No example available.,No translation available.
dog,dɒg,en,Noun,dog,images/nouns/dog.png,3,DOG,Definition of dog,The dog is playing in the park.,El perro está jugando en el parque.
small,smɔl,en,Adjective,small,images/adjectives/small.png,2,SMALL,Definition of small,She has a small dog.,Ella tiene un perro pequeño.
the,ðə,en,Article,the,images/articles/the.png,5,THE,Used to refer to a specific thing previously mentioned or known.,The dog barked loudly at the stranger.,El perro ladró fuerte al extraño.
green,griːn,en,Adjective,green,images/adjectives/green.png,2,GREEN,Definition of green,The leaves are green.,Las hojas son verdes.
garden,ˈgɑːrdən,en,Noun,garden,images/nouns/garden.png,3,GARDEN,Definition of garden,I watered the flowers in the garden.,Regué las flores en el jardín.
a,ə,en,Article,a,images/articles/a.png,5,A,Definition of a,A dog is barking outside.,Un perro está ladrando afuera.
the,ðə,en,Article,the,images/articles/the.png,5,THE,Used to refer to a specific thing previously mentioned or known.,The dog barked loudly at the stranger.,El perro ladró fuerte al extraño.
learned,lɜːrnd,en,Verb,learn,images/verbs/learned.png,3,LEARNED,Definition of learned,No example available.,No translation available.
garden,ˈgɑːrdən,en,Noun,garden,images/nouns/garden.png,3,GARDEN,Definition of garden,I watered the flowers in the garden.,Regué las flores en el jardín.
teacher,ˈtiːʧər,en,Noun,teacher,images/nouns/teacher.png,3,TEACHER,Definition of teacher,The teacher explains the lesson.,El maestro explica la lección.
food,fuːd,en,Noun,food,images/nouns/food.png,3,FOOD,Definition of food,We ordered delicious food.,Pedimos comida deliciosa.
dark,dɑːrk,en,Adjective,dark,images/adjectives/dark.png,2,DARK,Definition of dark,No example available.,No translation available.
the,ðə,en,Article,the,images/articles/the.png,5,THE,Used to refer to a specific thing previously mentioned or known.,The dog barked loudly at the stranger.,El perro ladró fuerte al extraño.
play,pleɪ,en,Verb,play,images/verbs/play.png,3,PLAY,Definition of play,No example available.,No translation available.
doctor,ˈdɒktər,en,Noun,doctor,images/nouns/doctor.png,3,DOCTOR,Definition of doctor,The doctor checked the patient's health.,El doctor revisó la salud del paciente.
dog,dɒg,en,Noun,dog,images/nouns/dog.png,3,DOG,Definition of dog,The dog is playing in the park.,El perro está jugando en el parque.
phone,foʊn,en,Noun,phone,images/nouns/phone.png,3,PHONE,Definition of phone,I need to charge my phone.,Necesito cargar mi teléfono.
happy,ˈhæpi,en,Adjective,happy,images/adjectives/happy.png,2,HAPPY,Definition of happy,I am happy to see you.,Estoy feliz de verte.
runs,rʌnz,en,Verb,run,images/verbs/runs.png,3,RUNS,Definition of runs,No example available.,No translation available.
happy,ˈhæpi,en,Adjective,happy,images/adjectives/happy.png,2,HAPPY,Definition of happy,I am happy to see you.,Estoy feliz de verte.
cat,kæt,en,Noun,cat,images/nouns/cat.png,3,CAT,Definition of cat,The cat is sleeping on the sofa.,El gato está durmiendo en el sofá.
dark,dɑːrk,en,Adjective,dark,images/adjectives/dark.png,2,DARK,Definition of dark,No example available.,No translation available.
food,fuːd,en,Noun,food,images/nouns/food.png,3,FOOD,Definition of food,We ordered delicious food.,Pedimos comida deliciosa.
phone,foʊn,en,Noun,phone,images/nouns/phone.png,3,PHONE,Definition of phone,I need to charge my phone.,Necesito cargar mi teléfono.
talked,tɔːkt,en,Verb,talk,images/verbs/talked.png,3,TALKED,Definition of talked,No example available.,No translation available.
the,ðə,en,Article,the,images/articles/the.png,5,THE,Used to refer to a specific thing previously mentioned or known.,The dog barked loudly at the stranger.,El perro ladró fuerte al extraño.
an,æn,en,Article,an,images/articles/an.png,5,AN,Definition of an,No example available.,No translation available.
garden,ˈgɑːrdən,en,Noun,garden,images/nouns/garden.png,3,GARDEN,Definition of garden,I watered the flowers in the garden.,Regué las flores en el jardín.
the,ðə,en,Article,the,images/articles/the.png,5,THE,Used to refer to a specific thing previously mentioned or known.,The dog barked loudly at the stranger.,El perro ladró fuerte al extraño.
teacher,ˈtiːʧər,en,Noun,teacher,images/nouns/teacher.png,3,TEACHER,Definition of teacher,The teacher explains the lesson.,El maestro explica la lección.
the,ðə,en,Article,the,images/articles/the.png,5,THE,Used to refer to a specific thing previously mentioned or known.,The dog barked loudly at the stranger.,El perro ladró fuerte al extraño.
city,ˈsɪti,en,Noun,city,images/nouns/city.png,3,CITY,Definition of city,No example available.,No translation available.
doctor,ˈdɒktər,en,Noun,doctor,images/nouns/doctor.png,3,DOCTOR,Definition of doctor,The doctor checked the patient's health.,El doctor revisó la salud del paciente.
garden,ˈgɑːrdən,en,Noun,garden,images/nouns/garden.png,3,GARDEN,Definition of garden,I watered the flowers in the garden.,Regué las flores en el jardín.
phone,foʊn,en,Noun,phone,images/nouns/phone.png,3,PHONE,Definition of phone,I need to charge my phone.,Necesito cargar mi teléfono.
city,ˈsɪti,en,Noun,city,images/nouns/city.png,3,CITY,Definition of city,No example available.,No translation available.
food,fuːd,en,Noun,food,images/nouns/food.png,3,FOOD,Definition of food,We ordered delicious food.,Pedimos comida deliciosa.
green,griːn,en,Adjective,green,images/adjectives/green.png,2,GREEN,Definition of green,The leaves are green.,Las hojas son verdes.
dog,dɒg,en,Noun,dog,images/nouns/dog.png,3,DOG,Definition of dog,The dog is playing in the park.,El perro está jugando en el parque.
book,bʊk,en,Noun,book,images/nouns/book.png,3,BOOK,Definition of book,He borrowed a book from the library.,Él tomó prestado un libro de la biblioteca.
book,bʊk,en,Noun,book,images/nouns/book.png,3,BOOK,Definition of book,He borrowed a book from the library.,Él tomó prestado un libro de la biblioteca.
teacher,ˈtiːʧər,en,Noun,teacher,images/nouns/teacher.png,3,TEACHER,Definition of teacher,The teacher explains the lesson.,El maestro explica la lección.
phone,foʊn,en,Noun,phone,images/nouns/phone.png,3,PHONE,Definition of phone,I need to charge my phone.,Necesito cargar mi teléfono.
teacher,ˈtiːʧər,en,Noun,teacher,images/nouns/teacher.png,3,TEACHER,Definition of teacher,The teacher explains the lesson.,El maestro explica la lección.
teacher,ˈtiːʧər,en,Noun,teacher,images/nouns/teacher.png,3,TEACHER,Definition of teacher,The teacher explains the lesson.,El maestro explica la lección.
wrote,roʊt,en,Verb,write,images/verbs/wrote.png,3,WROTE,Definition of wrote,No example available.,No translation available.
doctor,ˈdɒktər,en,Noun,doctor,images/nouns/doctor.png,3,DOCTOR,Definition of doctor,The doctor checked the patient's health.,El doctor revisó la salud del paciente.
city,ˈsɪti,en,Noun,city,images/nouns/city.png,3,CITY,Definition of city,No example available.,No translation available.
doctor,ˈdɒktər,en,Noun,doctor,images/nouns/doctor.png,3,DOCTOR,Definition of doctor,The doctor checked the patient's health.,El doctor revisó la salud del paciente.
student,ˈstuːdənt,en,Noun,student,images/nouns/student.png,3,STUDENT,"A person who is studying at a school, college, or university.",The student completed their homework on time.,El estudiante completó su tarea a tiempo.
green,griːn,en,Adjective,green,images/adjectives/green.png,2,GREEN,Definition of green,The leaves are green.,Las hojas son verdes.
city,ˈsɪti,en,Noun,city,images/nouns/city.png,3,CITY,Definition of city,No example available.,No translation available.
dog,dɒg,en,Noun,dog,images/nouns/dog.png,3,DOG,Definition of dog,The dog is playing in the park.,El perro está jugando en el parque.
sleep,sliːp,en,Verb,sleep,images/verbs/sleep.png,3,SLEEP,Definition of sleep,No example available.,No translation available.
a,ə,en,Article,a,images/articles/a.png,5,A,Definition of a,A dog is barking outside.,Un perro está ladrando afuera.
book,bʊk,en,Noun,book,images/nouns/book.png,3,BOOK,Definition of book,He borrowed a book from the library.,Él tomó prestado un libro de la biblioteca.
sleep,sliːp,en,Verb,sleep,images/verbs/sleep.png,3,SLEEP,Definition of sleep,No example available.,No translation available.
garden,ˈgɑːrdən,en,Noun,garden,images/nouns/garden.png,3,GARDEN,Definition of garden,I watered the flowers in the garden.,Regué las flores en el jardín.
an,æn,en,Article,an,images/articles/an.png,5,AN,Definition of an,No example available.,No translation available.
city,ˈsɪti,en,Noun,city,images/nouns/city.png,3,CITY,Definition of city,No example available.,No translation available.
learns,lɜːrnz,en,Verb,learn,images/verbs/learns.png,3,LEARNS,Definition of learns,No example available.,No translation available.
an,æn,en,Article,an,images/articles/an.png,5,AN,Definition of an,No example available.,No translation available.
big,bɪg,en,Adjective,big,images/adjectives/big.png,2,BIG,Definition of big,No example available.,No translation available.
a,ə,en,Article,a,images/articles/a.png,5,A,Definition of a,A dog is barking outside.,Un perro está ladrando afuera.
thought,θɔːt,en,Verb,think,images/verbs/thought.png,3,THOUGHT,Definition of thought,No example available.,No translation available.
food,fuːd,en,Noun,food,images/nouns/food.png,3,FOOD,Definition of food,We ordered delicious food.,Pedimos comida deliciosa.
an,æn,en,Article,an,images/articles/an.png,5,AN,Definition of an,No example available.,No translation available.
teacher,ˈtiːʧər,en,Noun,teacher,images/nouns/teacher.png,3,TEACHER,Definition of teacher,The teacher explains the lesson.,El maestro explica la lección.
book,bʊk,en,Noun,book,images/nouns/book.png,3,BOOK,Definition of book,He borrowed a book from the library.,Él tomó prestado un libro de la biblioteca.
city,ˈsɪti,en,Noun,city,images/nouns/city.png,3,CITY,Definition of city,No example available.,No translation available.
book,bʊk,en,Noun,book,images/nouns/book.png,3,BOOK,Definition of book,He borrowed a book from the library.,Él tomó prestado un libro de la biblioteca.
garden,ˈgɑːrdən,en,Noun,garden,images/nouns/garden.png,3,GARDEN,Definition of garden,I watered the flowers in the garden.,Regué las flores en el jardín.
blue,bluː,en,Adjective,blue,images/adjectives/blue.png,2,BLUE,Definition of blue,No example available.,No translation available.
teacher,ˈtiːʧər,en,Noun,teacher,images/nouns/teacher.png,3,TEACHER,Definition of teacher,The teacher explains the lesson.,El maestro explica la lección.
city,ˈsɪti,en,Noun,city,images/nouns/city.png,3,CITY,Definition of city,No example available.,No translation available.
think,θɪŋk,en,Verb,think,images/verbs/think.png,3,THINK,Definition of think,No example available.,No translation available.
phone,foʊn,en,Noun,phone,images/nouns/phone.png,3,PHONE,Definition of phone,I need to charge my phone.,Necesito cargar mi teléfono.
teacher,ˈtiːʧər,en,Noun,teacher,images/nouns/teacher.png,3,TEACHER,Definition of teacher,The teacher explains the lesson.,El maestro explica la lección.
cat,kæt,en,Noun,cat,images/nouns/cat.png,3,CAT,Definition of cat,The cat is sleeping on the sofa.,El gato está durmiendo en el sofá.
played,pleɪd,en,Verb,play,images/verbs/played.png,3,PLAYED,Definition of played,No example available.,No translation available.
dog,dɒg,en,Noun,dog,images/nouns/dog.png,3,DOG,Definition of dog,The dog is playing in the park.,El perro está jugando en el parque.
green,griːn,en,Adjective,green,images/adjectives/green.png,2,GREEN,Definition of green,The leaves are green.,Las hojas son verdes.
writes,raɪts,en,Verb,write,images/verbs/writes.png,3,WRITES,Definition of writes,No example available.,No translation available.
city,ˈsɪti,en,Noun,city,images/nouns/city.png,3,CITY,Definition of city,No example available.,No translation available.
student,ˈstuːdənt,en,Noun,student,images/nouns/student.png,3,STUDENT,"A person who is studying at a school, college, or university.",The student completed their homework on time.,El estudiante completó su tarea a tiempo.
the,ðə,en,Article,the,images/articles/the.png,5,THE,Used to refer to a specific thing previously mentioned or known.,The dog barked loudly at the stranger.,El perro ladró fuerte al extraño.
garden,ˈgɑːrdən,en,Noun,garden,images/nouns/garden.png,3,GARDEN,Definition of garden,I watered the flowers in the garden.,Regué las flores en el jardín.
cat,kæt,en,Noun,cat,images/nouns/cat.png,3,CAT,Definition of cat,The cat is sleeping on the sofa.,El gato está durmiendo en el sofá.
food,fuːd,en,Noun,food,images/nouns/food.png,3,FOOD,Definition of food,We ordered delicious food.,Pedimos comida deliciosa.
